type,time,bl,act_diff,ref_diff,ratio_raw,ratio_filt,baseline,rsp_raw,rsp_filt,abs_raw,abs_filt,temp_avg
PROC,6.625,0,56,62,0.9032,1.2333,1.0000,+0.00,+0.00,0.1017,-0.1978,474
PROC,6.875,0,48,54,0.8889,1.1644,1.0000,+0.00,+0.00,0.1176,-0.1347,372
PROC,7.125,0,20,46,0.4348,1.0185,1.0000,+0.00,+0.00,0.8327,0.0587,456
PROC,7.375,0,96,58,1.6552,1.1458,1.0000,+0.00,+0.00,-0.4935,-0.0517,568
PROC,7.625,0,111,56,1.9821,1.3131,1.0000,+0.00,+0.00,-0.6587,-0.1731,600
PROC,8.625,0,86,65,1.3231,1.3151,1.0000,+0.00,+0.00,-0.2781,-0.1941,513
PROC,8.875,0,116,79,1.4684,1.3457,1.0000,+0.00,+0.00,-0.3795,-0.2312,572
PROC,9.875,0,87,67,1.2985,1.3363,1.0000,+0.00,+0.00,-0.2597,-0.2369,523
PROC,10.125,0,115,82,1.4024,1.3495,1.0000,+0.00,+0.00,-0.3350,-0.2565,578
PROC,11.125,0,89,69,1.2899,1.3376,1.0000,+0.00,+0.00,-0.2532,-0.2559,525
PROC,11.375,0,117,81,1.4444,1.3590,1.0000,+0.00,+0.00,-0.3636,-0.2774,575
PROC,12.375,0,90,68,1.3235,1.3519,1.0000,+0.00,+0.00,-0.2785,-0.2776,525
PROC,12.625,0,115,75,1.5333,1.3882,1.0000,+0.00,+0.00,-0.4211,-0.3063,578
PROC,13.625,0,89,62,1.4355,1.3976,1.0000,+0.00,+0.00,-0.3576,-0.3166,523
PROC,13.875,0,103,59,1.7458,1.4673,1.0000,+0.00,+0.00,-0.5432,-0.3619,565
PROC,14.875,0,95,55,1.7273,1.5193,1.0000,+0.00,+0.00,-0.5333,-0.3962,562
PROC,15.125,0,111,68,1.6324,1.5419,1.0000,+0.00,+0.00,-0.4804,-0.4130,582
PROC,15.625,0,39,41,0.9512,1.4237,1.0000,+0.00,+0.00,0.0500,-0.3204,395
PROC,16.125,0,99,63,1.5714,1.4533,1.0000,+0.00,+0.00,-0.4444,-0.3452,558
PROC,16.375,0,105,65,1.6154,1.4857,1.0000,+0.00,+0.00,-0.4706,-0.3703,577
PROC,16.875,0,41,42,0.9762,1.3838,1.0000,+0.00,+0.00,0.0241,-0.2914,394
PROC,17.375,0,98,61,1.6066,1.4284,1.0000,+0.00,+0.00,-0.4654,-0.3262,563
PROC,17.625,0,106,65,1.6308,1.4688,1.0000,+0.00,+0.00,-0.4795,-0.3569,582
PROC,18.125,0,41,42,0.9762,1.3703,1.0000,+0.00,+0.00,0.0241,-0.2807,399
PROC,18.625,0,96,59,1.6271,1.4217,1.0000,+0.00,+0.00,-0.4774,-0.3200,557
PROC,18.875,0,100,60,1.6667,1.4707,1.0000,+0.00,+0.00,-0.5000,-0.3560,569
PROC,19.125,0,33,43,0.7674,1.3300,1.0000,+0.00,+0.00,0.2632,-0.2322,528
PROC,19.375,0,44,44,1.0000,1.2640,1.0000,+0.00,+0.00,-0.0000,-0.1858,393
PROC,19.875,0,93,57,1.6316,1.3375,1.0000,+0.00,+0.00,-0.4800,-0.2446,562
PROC,20.125,0,99,58,1.7069,1.4114,1.0000,+0.00,+0.00,-0.5223,-0.3001,573
PROC,20.375,0,34,43,0.7907,1.2873,1.0000,+0.00,+0.00,0.2338,-0.1934,532
PROC,20.625,0,45,45,1.0000,1.2298,1.0000,+0.00,+0.00,-0.0000,-0.1547,400
PROC,21.125,0,90,55,1.6364,1.3111,1.0000,+0.00,+0.00,-0.4828,-0.2203,558
PROC,24.125,0,84,52,1.6154,1.3720,1.0000,+0.00,+0.00,-0.4706,-0.2704,473
PROC,26.625,0,74,41,1.8049,1.4586,1.0000,+0.00,+0.00,-0.5739,-0.3311,470
PROC,27.875,0,101,78,1.2949,1.4258,1.0000,+0.00,+0.00,-0.2570,-0.3163,432
PROC,29.375,0,59,45,1.3111,1.4029,1.0000,+0.00,+0.00,-0.2692,-0.3068,464
PROC,30.625,0,76,57,1.3333,1.3890,1.0000,+0.00,+0.00,-0.2857,-0.3026,507
PROC,31.875,0,67,59,1.1356,1.3383,1.0000,+0.00,+0.00,-0.1270,-0.2675,491
PROC,33.125,0,52,44,1.1818,1.3070,1.0000,+0.00,+0.00,-0.1667,-0.2473,537
PROC,34.125,0,38,41,0.9268,1.2310,1.0000,+0.00,+0.00,0.0759,-0.1827,510
PROC,34.625,0,45,46,0.9783,1.1804,1.0000,+0.00,+0.00,0.0220,-0.1417,516
PROC,34.875,0,38,43,0.8837,1.1211,1.0000,+0.00,+0.00,0.1235,-0.0887,421
PROC,35.875,0,61,40,1.5250,1.2019,1.0000,+0.00,+0.00,-0.4158,-0.1541,491
PROC,37.125,0,70,40,1.7500,1.3115,1.0000,+0.00,+0.00,-0.5455,-0.2324,475
PROC,38.125,0,71,42,1.6905,1.3873,1.0000,+0.00,+0.00,-0.5133,-0.2886,489
PROC,38.375,0,87,49,1.7755,1.4649,1.0000,+0.00,+0.00,-0.5588,-0.3426,458
PROC,39.625,0,51,42,1.2143,1.4148,1.0000,+0.00,+0.00,-0.1935,-0.3128,446
PROC,43.625,0,81,47,1.7234,1.4765,1.0000,+0.00,+0.00,-0.5312,-0.3565,536
PROC,44.875,0,87,55,1.5818,1.4976,1.0000,+0.00,+0.00,-0.4507,-0.3753,521
PROC,45.875,0,72,45,1.6000,1.5181,1.0000,+0.00,+0.00,-0.4615,-0.3926,503
PROC,46.125,0,77,48,1.6042,1.5353,1.0000,+0.00,+0.00,-0.4640,-0.4069,543
PROC,47.125,0,69,43,1.6047,1.5492,1.0000,+0.00,+0.00,-0.4643,-0.4183,503
PROC,47.375,0,70,44,1.5909,1.5575,1.0000,+0.00,+0.00,-0.4561,-0.4259,549
PROC,48.625,0,85,46,1.8478,1.6156,1.0000,+0.00,+0.00,-0.5954,-0.4598,557
PROC,49.625,0,76,44,1.7273,1.6379,1.0000,+0.00,+0.00,-0.5333,-0.4745,506
PROC,49.875,0,92,51,1.8039,1.6711,1.0000,+0.00,+0.00,-0.5734,-0.4943,554
PROC,50.875,0,73,42,1.7381,1.6845,1.0000,+0.00,+0.00,-0.5391,-0.5033,497
PROC,51.125,0,53,43,1.2326,1.5941,1.0000,+0.00,+0.00,-0.2083,-0.4443,532
PROC,53.625,0,51,41,1.2439,1.5241,1.0000,+0.00,+0.00,-0.2174,-0.3989,583
PROC,54.875,0,52,41,1.2683,1.4729,1.0000,+0.00,+0.00,-0.2366,-0.3664,565
PROC,56.125,0,63,46,1.3696,1.4522,1.0000,+0.00,+0.00,-0.3119,-0.3555,551
PROC,57.375,0,71,47,1.5106,1.4639,1.0000,+0.00,+0.00,-0.4068,-0.3658,544
PROC,58.625,0,71,45,1.5778,1.4867,1.0000,+0.00,+0.00,-0.4483,-0.3823,536
PROC,59.625,0,51,41,1.2439,1.4381,1.0000,+0.00,+0.00,-0.2174,-0.3493,492
PROC,59.875,0,99,53,1.8679,1.5241,1.0000,+0.00,+0.00,-0.6053,-0.4005,530
PROC,60.875,0,63,71,0.8873,1.3967,1.0000,+0.00,+0.00,0.1194,-0.2965,493
PROC,61.125,0,96,90,1.0667,1.3307,1.0000,+0.00,+0.00,-0.0645,-0.2501,544
PROC,62.125,0,57,61,0.9344,1.2515,1.0000,+0.00,+0.00,0.0678,-0.1865,484
PROC,62.375,0,91,85,1.0706,1.2153,1.0000,+0.00,+0.00,-0.0682,-0.1629,533
PROC,63.375,0,60,56,1.0714,1.1865,1.0000,+0.00,+0.00,-0.0690,-0.1441,474
PROC,63.625,0,84,80,1.0500,1.1592,1.0000,+0.00,+0.00,-0.0488,-0.1250,524
PROC,64.625,0,66,53,1.2453,1.1764,1.0000,+0.00,+0.00,-0.2185,-0.1437,472
PROC,64.875,0,77,76,1.0132,1.1438,1.0000,+0.00,+0.00,-0.0131,-0.1176,518
PROC,65.875,0,70,51,1.3725,1.1895,1.0000,+0.00,+0.00,-0.3140,-0.1569,472
PROC,66.125,0,76,76,1.0000,1.1516,1.0000,+0.00,+0.00,-0.0000,-0.1255,516
PROC,67.125,0,71,51,1.3922,1.1997,1.0000,+0.00,+0.00,-0.3279,-0.1660,472
PROC,67.375,0,79,79,1.0000,1.1598,1.0000,+0.00,+0.00,-0.0000,-0.1328,514
PROC,68.375,1,58,56,1.0357,1.1350,1.3582,+0.00,+0.00,0.2694,-0.0523,483
PROC,68.625,1,89,85,1.0471,1.1174,1.3582,-22.91,-4.58,0.2587,0.0099,524
PROC,69.625,1,56,60,0.9333,1.0806,1.3582,-31.28,-9.92,0.3708,0.0821,488
PROC,69.875,1,94,91,1.0330,1.0711,1.3582,-23.95,-12.73,0.2720,0.1201,528
PROC,70.875,1,67,68,0.9853,1.0539,1.3582,-27.46,-15.67,0.3182,0.1597,502
PROC,71.125,1,106,99,1.0707,1.0573,1.3582,-21.17,-16.77,0.2367,0.1751,545
PROC,72.125,1,80,79,1.0127,1.0483,1.3582,-25.44,-18.51,0.2915,0.1984,518
PROC,72.375,1,119,91,1.3077,1.1002,1.3582,-3.72,-15.55,0.0379,0.1663,557
PROC,73.375,1,95,73,1.3014,1.1404,1.3582,-4.18,-13.28,0.0427,0.1416,526
PROC,73.625,1,115,70,1.6429,1.2409,1.3582,+20.96,-6.43,-0.1897,0.0753,572
PROC,74.625,1,100,57,1.7544,1.3436,1.3582,+29.17,+0.69,-0.2546,0.0093,541
PROC,74.875,1,90,46,1.9565,1.4662,1.3582,+44.05,+9.36,-0.3610,-0.0647,556
PROC,75.125,1,44,57,0.7719,1.3273,1.3582,-43.17,-1.14,0.5505,0.0583,527
PROC,75.375,1,52,53,0.9811,1.2581,1.3582,-27.76,-6.47,0.3224,0.1111,418
PROC,75.875,1,77,41,1.8780,1.3821,1.3582,+38.27,+2.48,-0.3213,0.0246,546
PROC,76.125,1,56,58,0.9655,1.2988,1.3582,-28.91,-3.80,0.3380,0.0873,518
PROC,76.375,1,82,79,1.0380,1.2466,1.3582,-23.58,-7.75,0.2673,0.1233,483
PROC,77.375,1,74,72,1.0278,1.2028,1.3582,-24.33,-11.07,0.2770,0.1540,502
PROC,77.625,1,104,97,1.0722,1.1767,1.3582,-21.06,-13.07,0.2354,0.1703,463
PROC,78.625,1,95,71,1.3380,1.2090,1.3582,-1.49,-10.75,0.0150,0.1392,475
PROC,78.875,1,117,84,1.3929,1.2458,1.3582,+2.55,-8.09,-0.0252,0.1064,428
PROC,79.875,1,91,56,1.6250,1.3216,1.3582,+19.64,-2.54,-0.1789,0.0493,470
PROC,80.125,1,113,60,1.8833,1.4339,1.3582,+38.66,+5.70,-0.3240,-0.0254,444
PROC,80.375,1,39,51,0.7647,1.3001,1.3582,-43.70,-4.18,0.5591,0.0915,470
PROC,80.625,1,53,51,1.0392,1.2479,1.3582,-23.49,-8.04,0.2661,0.1265,594
PROC,81.375,1,80,41,1.9512,1.3886,1.3582,+43.66,+2.30,-0.3584,0.0295,464
PROC,81.625,1,74,76,0.9737,1.3056,1.3582,-28.31,-3.82,0.3298,0.0895,494
PROC,82.625,1,57,60,0.9500,1.2345,1.3582,-30.05,-9.07,0.3537,0.1424,495
PROC,82.875,1,98,92,1.0652,1.2006,1.3582,-21.57,-11.57,0.2418,0.1623,530
PROC,83.875,1,75,74,1.0135,1.1632,1.3582,-25.38,-14.33,0.2907,0.1879,516
PROC,84.125,1,117,92,1.2717,1.1849,1.3582,-6.37,-12.74,0.0658,0.1635,556
PROC,85.125,1,90,74,1.2162,1.1912,1.3582,-10.45,-12.28,0.1103,0.1529,530
PROC,85.375,1,119,75,1.5867,1.2703,1.3582,+16.82,-6.46,-0.1552,0.0913,573
PROC,86.375,1,100,61,1.6393,1.3441,1.3582,+20.70,-1.03,-0.1876,0.0355,538
PROC,86.625,1,98,54,1.8148,1.4382,1.3582,+33.62,+5.90,-0.2878,-0.0292,559
PROC,86.875,1,35,49,0.7143,1.2934,1.3582,-47.41,-4.76,0.6214,0.1009,532
PROC,87.125,1,46,49,0.9388,1.2225,1.3582,-30.88,-9.99,0.3652,0.1538,408
PROC,87.625,1,83,45,1.8444,1.3469,1.3582,+35.80,-0.83,-0.3037,0.0623,539
PROC,87.875,1,57,54,1.0556,1.2886,1.3582,-22.28,-5.12,0.2508,0.1000,522
PROC,88.125,1,81,80,1.0125,1.2334,1.3582,-25.45,-9.19,0.2916,0.1383,493
PROC,89.125,1,79,77,1.0260,1.1919,1.3582,-24.46,-12.24,0.2787,0.1664,494
PROC,89.375,1,109,98,1.1122,1.1760,1.3582,-18.11,-13.41,0.1991,0.1729,458
PROC,90.375,1,97,64,1.5156,1.2439,1.3582,+11.59,-8.41,-0.1096,0.1164,478
PROC,90.625,1,122,70,1.7429,1.3437,1.3582,+28.32,-1.07,-0.2481,0.0435,435
PROC,90.875,1,36,48,0.7500,1.2250,1.3582,-44.78,-9.81,0.5770,0.1502,452
PROC,91.125,1,53,46,1.1522,1.2104,1.3582,-15.17,-10.88,0.1641,0.1530,584
PROC,91.875,1,53,53,1.0000,1.1683,1.3582,-26.37,-13.98,0.3038,0.1832,480
PROC,92.125,1,50,58,0.8621,1.1071,1.3582,-36.53,-18.49,0.4469,0.2359,496
PROC,93.125,1,44,47,0.9362,1.0729,1.3582,-31.07,-21.01,0.3679,0.2623,473
PROC,93.625,1,46,41,1.1220,1.0827,1.3582,-17.39,-20.28,0.1905,0.2479,497
PROC,94.875,1,61,62,0.9839,1.0629,1.3582,-27.56,-21.74,0.3197,0.2623,515
PROC,95.125,1,60,54,1.1111,1.0726,1.3582,-18.19,-21.03,0.2001,0.2499,418
PROC,95.625,1,72,44,1.6364,1.1853,1.3582,+20.48,-12.73,-0.1858,0.1627,542
PROC,95.875,1,66,65,1.0154,1.1513,1.3582,-25.24,-15.23,0.2889,0.1880,497
PROC,96.125,1,100,91,1.0989,1.1409,1.3582,-19.09,-16.00,0.2111,0.1926,467
PROC,97.125,1,96,75,1.2800,1.1687,1.3582,-5.76,-13.95,0.0593,0.1659,486
PROC,97.375,1,119,84,1.4167,1.2183,1.3582,+4.30,-10.30,-0.0421,0.1243,447
PROC,97.875,1,44,45,0.9778,1.1702,1.3582,-28.01,-13.84,0.3257,0.1646,587
PROC,98.875,1,92,78,1.1795,1.1720,1.3582,-13.16,-13.71,0.1408,0.1598,519
PROC,100.125,1,77,53,1.4528,1.2282,1.3582,+6.97,-9.57,-0.0673,0.1144,533
PROC,104.125,1,55,45,1.2222,1.2270,1.3582,-10.01,-9.66,0.1054,0.1126,462
PROC,110.875,1,57,49,1.1633,1.2143,1.3582,-14.35,-10.60,0.1546,0.1210,479
PROC,111.875,1,33,41,0.8049,1.1324,1.3582,-40.74,-16.63,0.5116,0.1991,433
PROC,112.125,1,95,63,1.5079,1.2075,1.3582,+11.02,-11.10,-0.1045,0.1384,440
PROC,112.375,1,57,50,1.1400,1.1940,1.3582,-16.07,-12.09,0.1747,0.1457,472
PROC,113.375,1,52,56,0.9286,1.1409,1.3582,-31.63,-16.00,0.3758,0.1917,489
PROC,113.625,1,96,90,1.0667,1.1261,1.3582,-21.46,-17.09,0.2405,0.2014,514
PROC,114.625,1,86,70,1.2286,1.1466,1.3582,-9.54,-15.58,0.1002,0.1812,529
PROC,114.875,1,117,60,1.9500,1.3073,1.3582,+43.57,-3.75,-0.3578,0.0734,565
PROC,115.875,1,101,54,1.8704,1.4199,1.3582,+37.71,+4.54,-0.3173,-0.0047,528
PROC,116.375,1,50,61,0.8197,1.2998,1.3582,-39.65,-4.30,0.4945,0.0951,530
PROC,117.375,1,68,67,1.0149,1.2429,1.3582,-25.27,-8.49,0.2893,0.1340,497
PROC,117.625,1,98,93,1.0538,1.2050,1.3582,-22.41,-11.28,0.2524,0.1577,467
PROC,118.625,1,101,58,1.7414,1.3123,1.3582,+28.21,-3.38,-0.2472,0.0767,481
PROC,119.125,1,46,56,0.8214,1.2141,1.3582,-39.52,-10.61,0.4925,0.1598,429
PROC,119.375,1,46,47,0.9787,1.1670,1.3582,-27.94,-14.07,0.3248,0.1928,540
PROC,120.375,1,78,40,1.9500,1.3236,1.3582,+43.57,-2.54,-0.3578,0.0827,470
PROC,121.625,1,89,49,1.8163,1.4222,1.3582,+33.73,+4.71,-0.2886,0.0084,497
PROC,122.625,1,73,42,1.7381,1.4854,1.3582,+27.97,+9.36,-0.2454,-0.0423,505
PROC,122.875,1,96,50,1.9200,1.5723,1.3582,+41.36,+15.76,-0.3427,-0.1024,542
PROC,124.125,1,58,40,1.4500,1.5478,1.3582,+6.76,+13.96,-0.0654,-0.0950,532
PROC,126.875,1,89,47,1.8936,1.6170,1.3582,+39.42,+19.05,-0.3293,-0.1419,440
PROC,128.125,1,86,50,1.7200,1.6376,1.3582,+26.64,+20.57,-0.2351,-0.1605,446
PROC,129.375,1,66,42,1.5714,1.6244,1.3582,+15.70,+19.60,-0.1456,-0.1575,456
PROC,133.375,1,74,43,1.7209,1.6437,1.3582,+26.71,+21.02,-0.2356,-0.1731,511
PROC,134.625,1,80,44,1.8182,1.6786,1.3582,+33.87,+23.59,-0.2896,-0.1964,522
PROC,135.875,1,83,51,1.6275,1.6683,1.3582,+19.82,+22.84,-0.1804,-0.1932,526
PROC,137.125,1,62,48,1.2917,1.5930,1.3582,-4.90,+17.29,0.0502,-0.1445,545
PROC,139.875,1,20,59,0.3390,1.3422,1.3582,-75.04,-1.18,1.3880,0.1620,512
PROC,140.125,1,28,49,0.5714,1.1881,1.3582,-57.93,-12.53,0.8653,0.3026,369
PROC,141.125,1,43,47,0.9149,1.1334,1.3582,-32.64,-16.55,0.3900,0.3201,550
PROC,141.375,1,43,41,1.0488,1.1165,1.3582,-22.78,-17.80,0.2571,0.3075,412
PROC,142.125,1,52,43,1.2093,1.1351,1.3582,-10.96,-16.43,0.1160,0.2692,554
PROC,142.375,1,57,56,1.0179,1.1116,1.3582,-25.06,-18.16,0.2865,0.2727,525
PROC,143.375,1,52,51,1.0196,1.0932,1.3582,-24.93,-19.51,0.2848,0.2751,545
PROC,143.625,1,53,60,0.8833,1.0512,1.3582,-34.96,-22.60,0.4237,0.3048,502
PROC,144.625,1,75,46,1.6304,1.1671,1.3582,+20.04,-14.07,-0.1822,0.2074,541
PROC,144.875,1,53,63,0.8413,1.1019,1.3582,-38.06,-18.87,0.4700,0.2599,501
PROC,145.125,1,55,40,1.3750,1.1565,1.3582,+1.24,-14.85,-0.0123,0.2055,403
PROC,145.875,1,63,51,1.2353,1.1723,1.3582,-9.05,-13.69,0.0948,0.1834,536
PROC,146.125,1,60,66,0.9091,1.1196,1.3582,-33.07,-17.56,0.3962,0.2259,492
PROC,147.125,1,59,54,1.0926,1.1142,1.3582,-19.56,-17.96,0.2168,0.2241,530
PROC,147.375,1,66,70,0.9429,1.0800,1.3582,-30.58,-20.49,0.3610,0.2515,489
PROC,148.375,1,55,58,0.9483,1.0536,1.3582,-30.18,-22.43,0.3555,0.2723,528
PROC,148.625,1,71,73,0.9726,1.0374,1.3582,-28.39,-23.62,0.3309,0.2840,482
PROC,149.625,1,61,62,0.9839,1.0267,1.3582,-27.56,-24.41,0.3197,0.2911,516
PROC,149.875,1,83,82,1.0122,1.0238,1.3582,-25.48,-24.62,0.2919,0.2913,471
PROC,150.875,1,64,65,0.9846,1.0160,1.3582,-27.51,-25.20,0.3189,0.2968,520
PROC,151.125,1,80,80,1.0000,1.0128,1.3582,-26.37,-25.43,0.3038,0.2982,472
PROC,152.125,1,68,67,1.0149,1.0132,1.3582,-25.27,-25.40,0.2893,0.2964,509
PROC,152.375,1,88,87,1.0115,1.0129,1.3582,-25.53,-25.43,0.2926,0.2957,461
PROC,153.375,1,71,70,1.0143,1.0131,1.3582,-25.32,-25.41,0.2899,0.2945,510
PROC,153.625,1,94,90,1.0444,1.0194,1.3582,-23.10,-24.94,0.2612,0.2878,460
PROC,154.625,1,77,69,1.1159,1.0387,1.3582,-17.84,-23.52,0.1958,0.2694,501
PROC,154.875,1,102,93,1.0968,1.0503,1.3582,-19.25,-22.67,0.2130,0.2581,453
PROC,155.875,1,86,65,1.3231,1.1049,1.3582,-2.59,-18.65,0.0262,0.2118,491
PROC,156.125,1,114,86,1.3256,1.1490,1.3582,-2.40,-15.40,0.0243,0.1743,443
PROC,157.125,1,92,60,1.5333,1.2259,1.3582,+12.89,-9.74,-0.1211,0.1152,486
PROC,157.375,1,116,73,1.5890,1.2985,1.3582,+17.00,-4.39,-0.1566,0.0608,435
PROC,158.375,1,93,51,1.8235,1.4035,1.3582,+34.26,+3.34,-0.2925,-0.0098,471
PROC,158.625,1,119,65,1.8308,1.4890,1.3582,+34.79,+9.63,-0.2964,-0.0672,427
PROC,159.125,1,39,43,0.9070,1.3726,1.3582,-33.22,+1.06,0.3984,0.0260,597
PROC,159.625,1,85,45,1.8889,1.4758,1.3582,+39.07,+8.66,-0.3269,-0.0446,461
PROC,159.875,1,114,53,2.1509,1.6109,1.3582,+58.37,+18.60,-0.4518,-0.1260,445
PROC,160.125,1,41,53,0.7736,1.4434,1.3582,-43.04,+6.27,0.5485,0.0089,476
PROC,160.375,1,55,51,1.0784,1.3704,1.3582,-20.60,+0.90,0.2296,0.0530,601
PROC,161.125,1,93,40,2.3250,1.5613,1.3582,+71.18,+14.96,-0.5250,-0.0626,458
PROC,161.375,1,61,67,0.9104,1.4312,1.3582,-32.97,+5.37,0.3947,0.0289,491
PROC,162.375,1,60,54,1.1111,1.3671,1.3582,-18.19,+0.66,0.2001,0.0631,483
PROC,162.625,1,89,85,1.0471,1.3031,1.3582,-22.91,-4.05,0.2587,0.1022,515
PROC,163.625,1,67,68,0.9853,1.2396,1.3582,-27.46,-8.74,0.3182,0.1454,508
PROC,163.875,1,111,85,1.3059,1.2528,1.3582,-3.85,-7.76,0.0393,0.1242,544
PROC,164.875,1,90,68,1.3235,1.2670,1.3582,-2.55,-6.72,0.0259,0.1045,525
PROC,165.125,1,116,64,1.8125,1.3761,1.3582,+33.45,+1.32,-0.2866,0.0263,563
PROC,166.125,1,100,53,1.8868,1.4782,1.3582,+38.92,+8.84,-0.3258,-0.0441,536
PROC,166.375,1,88,40,2.2000,1.6226,1.3582,+61.98,+19.47,-0.4732,-0.1299,550
PROC,166.625,1,45,58,0.7759,1.4532,1.3582,-42.88,+7.00,0.5458,0.0052,524
PROC,166.875,1,52,43,1.2093,1.4044,1.3582,-10.96,+3.40,0.1160,0.0274,415
PROC,167.625,1,56,59,0.9492,1.3134,1.3582,-30.12,-3.30,0.3546,0.0928,518
PROC,167.875,1,86,83,1.0361,1.2579,1.3582,-23.71,-7.38,0.2690,0.1281,484
PROC,168.875,1,78,72,1.0833,1.2230,1.3582,-20.24,-9.95,0.2252,0.1475,497
PROC,169.125,1,107,90,1.1889,1.2162,1.3582,-12.47,-10.46,0.1329,0.1446,457
PROC,170.125,1,94,61,1.5410,1.2812,1.3582,+13.46,-5.67,-0.1261,0.0904,480
PROC,170.375,1,119,72,1.6528,1.3555,1.3582,+21.69,-0.20,-0.1957,0.0332,432
PROC,171.375,1,89,48,1.8542,1.4552,1.3582,+36.52,+7.14,-0.3088,-0.0352,470
PROC,171.625,1,119,55,2.1636,1.5969,1.3582,+59.30,+17.57,-0.4574,-0.1196,443
PROC,171.875,1,38,50,0.7600,1.4295,1.3582,-44.04,+5.25,0.5648,0.0173,470
PROC,172.125,1,53,50,1.0600,1.3556,1.3582,-21.96,-0.19,0.2466,0.0631,595
PROC,173.125,1,62,68,0.9118,1.2668,1.3582,-32.87,-6.73,0.3933,0.1292,491
PROC,174.125,1,65,51,1.2745,1.2684,1.3582,-6.16,-6.61,0.0636,0.1161,478
PROC,174.375,1,81,81,1.0000,1.2147,1.3582,-26.37,-10.57,0.3038,0.1536,515
PROC,175.375,1,57,63,0.9048,1.1527,1.3582,-33.39,-15.13,0.4007,0.2030,496
PROC,175.625,1,98,91,1.0769,1.1376,1.3582,-20.71,-16.25,0.2310,0.2086,536
PROC,176.625,1,68,69,0.9855,1.1071,1.3582,-27.44,-18.48,0.3180,0.2305,503
PROC,176.875,1,108,90,1.2000,1.1257,1.3582,-11.65,-17.12,0.1237,0.2091,547
PROC,177.875,1,80,71,1.1268,1.1259,1.3582,-17.04,-17.10,0.1863,0.2046,521
PROC,178.125,1,118,83,1.4217,1.1851,1.3582,+4.67,-12.75,-0.0457,0.1545,566
PROC,179.125,1,87,68,1.2794,1.2039,1.3582,-5.80,-11.36,0.0597,0.1356,528
PROC,179.375,1,118,76,1.5526,1.2737,1.3582,+14.32,-6.22,-0.1336,0.0817,576
PROC,180.375,1,91,65,1.4000,1.2989,1.3582,+3.08,-4.36,-0.0303,0.0593,536
PROC,180.625,1,121,72,1.6806,1.3753,1.3582,+23.73,+1.26,-0.2122,0.0050,582
PROC,181.625,1,91,62,1.4677,1.3938,1.3582,+8.07,+2.62,-0.0775,-0.0115,536
PROC,181.875,1,122,69,1.7681,1.4686,1.3582,+30.18,+8.13,-0.2622,-0.0616,582
PROC,182.875,1,95,57,1.6667,1.5082,1.3582,+22.71,+11.05,-0.2040,-0.0901,542
PROC,183.125,1,116,59,1.9661,1.5998,1.3582,+44.76,+17.79,-0.3657,-0.1452,584
PROC,184.125,1,94,51,1.8431,1.6485,1.3582,+35.70,+21.37,-0.3030,-0.1768,542
PROC,184.375,1,115,58,1.9828,1.7153,1.3582,+45.98,+26.29,-0.3739,-0.2162,579
PROC,185.375,1,96,52,1.8462,1.7415,1.3582,+35.93,+28.22,-0.3046,-0.2339,549
PROC,185.625,1,109,54,2.0185,1.7969,1.3582,+48.62,+32.30,-0.3911,-0.2653,579
PROC,186.625,1,95,51,1.8627,1.8101,1.3582,+37.15,+33.27,-0.3133,-0.2749,546
PROC,186.875,1,103,49,2.1020,1.8685,1.3582,+54.77,+37.57,-0.4299,-0.3059,567
PROC,187.125,1,27,42,0.6429,1.6233,1.3582,-52.67,+19.52,0.7480,-0.0951,535
PROC,187.375,1,40,43,0.9302,1.4847,1.3582,-31.51,+9.32,0.3740,-0.0013,404
PROC,187.875,1,90,40,2.2500,1.6378,1.3582,+65.66,+20.58,-0.4943,-0.0999,550
PROC,188.375,1,33,49,0.6735,1.4449,1.3582,-50.41,+6.38,0.7015,0.0604,522
PROC,188.625,1,43,44,0.9773,1.3514,1.3582,-28.05,-0.50,0.3262,0.1135,398
PROC,189.375,1,84,42,2.0000,1.4811,1.3582,+47.25,+9.05,-0.3822,0.0144,548
PROC,189.625,1,41,56,0.7321,1.3313,1.3582,-46.09,-1.98,0.5990,0.1313,511
PROC,189.875,1,48,43,1.1163,1.2883,1.3582,-17.81,-5.15,0.1955,0.1442,399
PROC,190.625,1,82,42,1.9524,1.4211,1.3582,+43.75,+4.63,-0.3590,0.0435,560
PROC,190.875,1,38,54,0.7037,1.2776,1.3582,-48.19,-5.93,0.6348,0.1618,518
PROC,191.125,1,46,42,1.0952,1.2412,1.3582,-19.36,-8.62,0.2144,0.1723,401
PROC,191.875,1,79,44,1.7955,1.3520,1.3582,+32.19,-0.46,-0.2773,0.0824,551
PROC,192.125,1,43,56,0.7679,1.2352,1.3582,-43.47,-9.06,0.5553,0.1770,511
PROC,192.375,1,48,41,1.1707,1.2223,1.3582,-13.80,-10.01,0.1483,0.1712,402
PROC,193.125,1,81,44,1.8409,1.3460,1.3582,+35.54,-0.90,-0.3018,0.0766,556
PROC,193.375,1,40,55,0.7273,1.2223,1.3582,-46.45,-10.01,0.6051,0.1823,513
PROC,194.375,1,80,45,1.7778,1.3334,1.3582,+30.89,-1.83,-0.2676,0.0923,548
PROC,194.625,1,43,57,0.7544,1.2176,1.3582,-44.46,-10.35,0.5716,0.1882,504
PROC,194.875,1,49,43,1.1395,1.2020,1.3582,-16.10,-11.50,0.1751,0.1856,396
PROC,195.625,1,84,42,2.0000,1.3616,1.3582,+47.25,+0.25,-0.3822,0.0720,558
PROC,195.875,1,40,55,0.7273,1.2347,1.3582,-46.45,-9.09,0.6051,0.1786,518
PROC,196.125,1,47,42,1.1190,1.2116,1.3582,-17.61,-10.80,0.1931,0.1815,403
PROC,196.875,1,84,40,2.1000,1.3893,1.3582,+54.62,+2.29,-0.4290,0.0594,553
PROC,197.125,1,41,56,0.7321,1.2578,1.3582,-46.09,-7.39,0.5990,0.1673,512
PROC,197.375,1,48,50,0.9600,1.1983,1.3582,-29.32,-11.77,0.3435,0.2026,400
PROC,198.125,1,83,42,1.9762,1.3539,1.3582,+45.50,-0.32,-0.3707,0.0879,552
PROC,198.375,1,44,57,0.7719,1.2375,1.3582,-43.17,-8.89,0.5505,0.1804,513
PROC,198.625,1,49,50,0.9800,1.1860,1.3582,-27.85,-12.68,0.3235,0.2090,405
PROC,199.375,1,73,48,1.5208,1.2529,1.3582,+11.97,-7.75,-0.1130,0.1446,541
PROC,199.625,1,53,61,0.8689,1.1761,1.3582,-36.03,-13.41,0.4395,0.2036,498
PROC,199.875,1,56,48,1.1667,1.1742,1.3582,-14.10,-13.54,0.1517,0.1932,399
PROC,200.625,1,71,49,1.4490,1.2292,1.3582,+6.68,-9.50,-0.0647,0.1416,541
PROC,200.875,1,58,63,0.9206,1.1675,1.3582,-32.22,-14.04,0.3840,0.1901,499
PROC,201.125,1,58,42,1.3810,1.2102,1.3582,+1.68,-10.90,-0.0166,0.1488,404
PROC,201.875,1,65,52,1.2500,1.2181,1.3582,-7.97,-10.31,0.0830,0.1356,536
PROC,202.125,1,61,65,0.9385,1.1622,1.3582,-30.90,-14.43,0.3655,0.1816,490
PROC,202.375,1,59,43,1.3721,1.2042,1.3582,+1.02,-11.34,-0.0102,0.1432,399
PROC,203.125,1,66,52,1.2692,1.2172,1.3582,-6.55,-10.38,0.0677,0.1281,534
PROC,203.375,1,63,67,0.9403,1.1618,1.3582,-30.77,-14.46,0.3636,0.1752,490
PROC,204.375,1,65,52,1.2500,1.1794,1.3582,-7.97,-13.16,0.0830,0.1568,534
PROC,204.625,1,60,65,0.9231,1.1282,1.3582,-32.04,-16.94,0.3815,0.2017,486
PROC,204.875,1,59,44,1.3409,1.1707,1.3582,-1.27,-13.80,0.0128,0.1639,397
PROC,205.625,1,74,47,1.5745,1.2515,1.3582,+15.92,-7.86,-0.1475,0.1017,548
PROC,205.875,1,48,59,0.8136,1.1639,1.3582,-40.10,-14.31,0.5016,0.1816,500
PROC,206.125,1,51,51,1.0000,1.1311,1.3582,-26.37,-16.72,0.3038,0.2061,398
PROC,206.875,1,88,41,2.1463,1.3342,1.3582,+58.03,-1.77,-0.4498,0.0749,557
PROC,207.125,1,32,47,0.6809,1.2035,1.3582,-49.87,-11.39,0.6644,0.1928,508
PROC,207.375,1,41,44,0.9318,1.1492,1.3582,-31.39,-15.39,0.3724,0.2287,387
PROC,208.125,1,43,54,0.7963,1.0786,1.3582,-41.37,-20.59,0.5216,0.2873,545
PROC,210.625,1,54,46,1.1739,1.0977,1.3582,-13.57,-19.18,0.1456,0.2589,565
PROC,212.875,1,123,79,1.5570,1.1895,1.3582,+14.63,-12.42,-0.1364,0.1799,408
PROC,213.875,1,78,59,1.3220,1.2160,1.3582,-2.66,-10.47,0.0270,0.1493,520
PROC,214.125,1,88,81,1.0864,1.1901,1.3582,-20.01,-12.38,0.2223,0.1639,443
PROC,215.125,1,70,51,1.3725,1.2266,1.3582,+1.06,-9.69,-0.0105,0.1290,555
PROC,215.375,1,44,52,0.8462,1.1505,1.3582,-37.70,-15.29,0.4646,0.1961,486
PROC,215.625,1,46,45,1.0222,1.1248,1.3582,-24.74,-17.18,0.2823,0.2134,375
PROC,216.125,1,91,45,2.0222,1.3043,1.3582,+48.89,-3.97,-0.3929,0.0921,565
PROC,216.375,1,121,62,1.9516,1.4338,1.3582,+43.69,+5.56,-0.3586,0.0020,598
PROC,217.375,1,79,64,1.2344,1.3939,1.3582,-9.12,+2.63,0.0955,0.0207,498
PROC,217.625,1,103,93,1.1075,1.3366,1.3582,-18.46,-1.59,0.2033,0.0572,566
PROC,218.625,1,63,55,1.1455,1.2984,1.3582,-15.66,-4.40,0.1699,0.0798,467
PROC,218.875,1,68,68,1.0000,1.2387,1.3582,-26.37,-8.80,0.3038,0.1246,527
PROC,219.125,1,65,44,1.4773,1.2864,1.3582,+8.77,-5.28,-0.0840,0.0829,616
PROC,219.875,1,116,56,2.0714,1.4434,1.3582,+52.51,+6.27,-0.4159,-0.0169,422
PROC,220.875,1,89,49,1.8163,1.5180,1.3582,+33.73,+11.77,-0.2886,-0.0712,466
PROC,221.125,1,111,85,1.3059,1.4756,1.3582,-3.85,+8.64,0.0393,-0.0491,403
PROC,222.125,1,66,66,1.0000,1.3805,1.3582,-26.37,+1.64,0.3038,0.0214,525
PROC,222.375,1,70,73,0.9589,1.2962,1.3582,-29.40,-4.57,0.3447,0.0861,454
PROC,222.625,1,63,43,1.4651,1.3299,1.3582,+7.87,-2.08,-0.0757,0.0537,381
PROC,223.375,1,99,46,2.1522,1.4944,1.3582,+58.46,+10.03,-0.4524,-0.0475,573
PROC,224.375,1,80,54,1.4815,1.4918,1.3582,+9.08,+9.84,-0.0868,-0.0554,525
PROC,224.625,1,107,84,1.2738,1.4482,1.3582,-6.21,+6.63,0.0641,-0.0315,590
PROC,225.625,1,67,54,1.2407,1.4067,1.3582,-8.65,+3.57,0.0904,-0.0071,463
PROC,225.875,1,61,64,0.9531,1.3160,1.3582,-29.82,-3.11,0.3505,0.0644,531
PROC,226.125,1,59,54,1.0926,1.2713,1.3582,-19.56,-6.40,0.2168,0.0949,629
PROC,226.875,1,114,61,1.8689,1.3908,1.3582,+37.60,+2.40,-0.3165,0.0126,409
PROC,227.875,1,79,50,1.5800,1.4287,1.3582,+16.33,+5.19,-0.1510,-0.0201,517
PROC,228.125,1,89,83,1.0723,1.3574,1.3582,-21.05,-0.06,0.2353,0.0310,441
PROC,229.125,1,73,48,1.5208,1.3901,1.3582,+11.97,+2.35,-0.1130,0.0022,559
PROC,229.375,1,37,49,0.7551,1.2631,1.3582,-44.40,-7.00,0.5708,0.1159,491
PROC,229.625,1,42,43,0.9767,1.2058,1.3582,-28.09,-11.22,0.3267,0.1581,373
PROC,230.125,1,87,41,2.1220,1.3890,1.3582,+56.23,+2.27,-0.4389,0.0387,565
PROC,230.375,1,120,68,1.7647,1.4642,1.3582,+29.93,+7.80,-0.2603,-0.0211,608
PROC,231.375,1,67,65,1.0308,1.3775,1.3582,-24.11,+1.42,0.2741,0.0379,483
PROC,231.625,1,90,87,1.0345,1.3089,1.3582,-23.83,-3.63,0.2706,0.0845,550
PROC,233.875,1,88,57,1.5439,1.3559,1.3582,+13.67,-0.17,-0.1280,0.0420,442
PROC,234.875,1,79,47,1.6809,1.4209,1.3582,+23.76,+4.61,-0.2123,-0.0089,525
PROC,235.125,1,88,89,0.9888,1.3345,1.3582,-27.20,-1.75,0.3148,0.0559,450
PROC,236.125,1,61,56,1.0893,1.2854,1.3582,-19.80,-5.36,0.2197,0.0886,544
PROC,236.375,1,52,59,0.8814,1.2046,1.3582,-35.11,-11.31,0.4258,0.1561,479
PROC,236.625,1,51,50,1.0200,1.1677,1.3582,-24.90,-14.03,0.2844,0.1817,382
PROC,237.375,1,100,40,2.5000,1.4341,1.3582,+84.07,+5.59,-0.5919,0.0270,586
PROC,238.625,1,87,58,1.5000,1.4473,1.3582,+10.44,+6.56,-0.0992,0.0018,565
PROC,242.125,1,93,69,1.3478,1.4274,1.3582,-0.76,+5.10,0.0077,0.0029,432
PROC,242.375,1,35,44,0.7955,1.3010,1.3582,-41.43,-4.21,0.5226,0.1069,417
PROC,243.125,1,67,58,1.1552,1.2719,1.3582,-14.95,-6.36,0.1616,0.1178,533
PROC,243.375,1,63,71,0.8873,1.1950,1.3582,-34.67,-12.02,0.4194,0.1781,456
PROC,243.625,1,58,48,1.2083,1.1976,1.3582,-11.03,-11.82,0.1168,0.1659,373
PROC,244.375,1,104,49,2.1224,1.3826,1.3582,+56.27,+1.80,-0.4391,0.0449,581
PROC,245.375,1,79,60,1.3167,1.3694,1.3582,-3.06,+0.83,0.0311,0.0421,514
PROC,245.625,1,105,92,1.1413,1.3238,1.3582,-15.97,-2.53,0.1736,0.0684,583
PROC,246.625,1,73,54,1.3519,1.3294,1.3582,-0.47,-2.12,0.0047,0.0556,458
PROC,246.875,1,58,63,0.9206,1.2476,1.3582,-32.22,-8.14,0.3840,0.1213,526
PROC,247.125,1,59,54,1.0926,1.2166,1.3582,-19.56,-10.42,0.2168,0.1404,627
PROC,247.875,1,113,72,1.5694,1.2872,1.3582,+15.55,-5.23,-0.1443,0.0835,394
PROC,248.875,1,78,60,1.3000,1.2898,1.3582,-4.29,-5.04,0.0438,0.0755,514
PROC,249.125,1,88,81,1.0864,1.2491,1.3582,-20.01,-8.03,0.2223,0.1049,437
PROC,250.125,1,84,45,1.8667,1.3726,1.3582,+37.44,+1.06,-0.3153,0.0208,564
PROC,250.375,1,33,46,0.7174,1.2416,1.3582,-47.18,-8.59,0.6175,0.1402,497
PROC,250.625,1,41,42,0.9762,1.1885,1.3582,-28.13,-12.50,0.3273,0.1776,375
PROC,251.125,1,87,48,1.8125,1.3133,1.3582,+33.45,-3.31,-0.2866,0.0848,565
PROC,251.375,1,119,75,1.5867,1.3680,1.3582,+16.82,+0.72,-0.1552,0.0368,610
PROC,252.375,1,63,63,1.0000,1.2944,1.3582,-26.37,-4.70,0.3038,0.0902,475
PROC,252.625,1,88,85,1.0353,1.2426,1.3582,-23.77,-8.51,0.2698,0.1261,542
PROC,253.625,1,100,40,2.5000,1.4940,1.3582,+84.07,+10.00,-0.5919,-0.0175,434
PROC,253.875,1,36,50,0.7200,1.3392,1.3582,-46.99,-1.40,0.6142,0.1088,500
PROC,254.125,1,47,46,1.0217,1.2757,1.3582,-24.77,-6.07,0.2827,0.1436,628
PROC,254.625,1,82,41,2.0000,1.4206,1.3582,+47.25,+4.59,-0.3822,0.0385,445
PROC,254.875,1,115,77,1.4935,1.4352,1.3582,+9.96,+5.67,-0.0949,0.0118,400
PROC,255.875,1,78,62,1.2581,1.3998,1.3582,-7.37,+3.06,0.0765,0.0247,518
PROC,256.125,1,88,84,1.0476,1.3293,1.3582,-22.87,-2.13,0.2582,0.0714,446
PROC,257.125,1,64,55,1.1636,1.2962,1.3582,-14.33,-4.57,0.1543,0.0880,545
PROC,257.375,1,52,58,0.8966,1.2163,1.3582,-33.99,-10.45,0.4095,0.1523,480
PROC,257.625,1,51,50,1.0200,1.1770,1.3582,-24.90,-13.34,0.2844,0.1787,379
PROC,258.375,1,114,57,2.0000,1.3416,1.3582,+47.25,-1.22,-0.3822,0.0665,589
PROC,259.375,1,83,56,1.4821,1.3697,1.3582,+9.13,+0.85,-0.0873,0.0358,525
PROC,259.625,1,110,83,1.3253,1.3608,1.3582,-2.42,+0.19,0.0245,0.0335,591
PROC,260.625,1,56,58,0.9655,1.2818,1.3582,-28.91,-5.63,0.3380,0.0944,477
PROC,260.875,1,79,76,1.0395,1.2333,1.3582,-23.47,-9.20,0.2659,0.1287,539
PROC,261.875,1,106,46,2.3043,1.4475,1.3582,+69.66,+6.58,-0.5167,-0.0004,435
PROC,262.125,1,33,47,0.7021,1.2984,1.3582,-48.30,-4.40,0.6369,0.1271,497
PROC,262.375,1,46,45,1.0222,1.2432,1.3582,-24.74,-8.47,0.2823,0.1581,629
PROC,262.875,1,85,43,1.9767,1.3899,1.3582,+45.54,+2.33,-0.3709,0.0523,451
PROC,263.125,1,114,72,1.5833,1.4286,1.3582,+16.58,+5.18,-0.1531,0.0112,407
PROC,264.125,1,82,60,1.3667,1.4162,1.3582,+0.62,+4.27,-0.0062,0.0077,506
PROC,264.375,1,97,86,1.1279,1.3585,1.3582,-16.96,+0.03,0.1853,0.0432,435
PROC,265.375,1,61,63,0.9683,1.2805,1.3582,-28.71,-5.72,0.3352,0.1016,528
PROC,265.625,1,66,70,0.9429,1.2130,1.3582,-30.58,-10.69,0.3610,0.1535,464
PROC,265.875,1,61,45,1.3556,1.2415,1.3582,-0.19,-8.59,0.0019,0.1232,382
PROC,266.625,1,90,42,2.1429,1.4218,1.3582,+57.77,+4.68,-0.4482,0.0089,561
PROC,266.875,1,30,46,0.6522,1.2678,1.3582,-51.98,-6.65,0.7336,0.1538,506
PROC,267.125,1,41,42,0.9762,1.2095,1.3582,-28.13,-10.95,0.3273,0.1885,382
PROC,267.625,1,92,49,1.8776,1.3431,1.3582,+38.24,-1.11,-0.3210,0.0866,560
PROC,267.875,1,122,63,1.9365,1.4618,1.3582,+42.58,+7.63,-0.3511,-0.0009,595
PROC,268.875,1,85,61,1.3934,1.4481,1.3582,+2.59,+6.62,-0.0256,-0.0058,524
PROC,269.125,1,115,81,1.4198,1.4425,1.3582,+4.53,+6.20,-0.0443,-0.0135,584
PROC,270.125,1,67,66,1.0152,1.3570,1.3582,-25.26,-0.09,0.2891,0.0470,491
PROC,270.375,1,97,92,1.0543,1.2965,1.3582,-22.37,-4.55,0.2519,0.0880,547
PROC,271.375,1,61,57,1.0702,1.2512,1.3582,-21.21,-7.88,0.2372,0.1178,473
PROC,271.625,1,80,77,1.0390,1.2088,1.3582,-23.50,-11.00,0.2663,0.1475,528
PROC,272.625,1,94,40,2.3500,1.4370,1.3582,+73.02,+5.80,-0.5349,0.0110,440
PROC,272.875,1,49,60,0.8167,1.3129,1.3582,-39.87,-3.33,0.4980,0.1084,492
PROC,273.125,1,56,53,1.0566,1.2617,1.3582,-22.21,-7.11,0.2498,0.1367,606
PROC,273.875,1,116,57,2.0351,1.4164,1.3582,+49.84,+4.28,-0.3990,0.0296,423
PROC,274.125,1,26,40,0.6500,1.2631,1.3582,-52.14,-7.00,0.7369,0.1710,474
PROC,274.375,1,42,42,1.0000,1.2105,1.3582,-26.37,-10.88,0.3038,0.1976,618
PROC,274.875,1,87,44,1.9773,1.3638,1.3582,+45.58,+0.41,-0.3712,0.0838,453
PROC,275.125,1,116,71,1.6338,1.4178,1.3582,+20.29,+4.39,-0.1842,0.0302,409
PROC,276.125,1,88,55,1.6000,1.4543,1.3582,+17.80,+7.07,-0.1635,-0.0085,484
PROC,276.375,1,110,88,1.2500,1.4134,1.3582,-7.97,+4.06,0.0830,0.0098,420
PROC,277.375,1,76,69,1.1014,1.3510,1.3582,-18.90,-0.53,0.2088,0.0496,512
PROC,277.625,1,89,86,1.0349,1.2878,1.3582,-23.80,-5.18,0.2702,0.0937,450
PROC,278.625,1,60,60,1.0000,1.2302,1.3582,-26.37,-9.42,0.3038,0.1357,533
PROC,278.875,1,65,66,0.9848,1.1812,1.3582,-27.49,-13.04,0.3187,0.1723,469
PROC,279.125,1,61,45,1.3556,1.2160,1.3582,-0.19,-10.47,0.0019,0.1382,383
PROC,279.875,1,89,42,2.1190,1.3966,1.3582,+56.02,+2.83,-0.4376,0.0231,559
PROC,280.125,1,35,48,0.7292,1.2631,1.3582,-46.31,-7.00,0.6027,0.1390,505
PROC,280.375,1,43,45,0.9556,1.2016,1.3582,-29.65,-11.53,0.3480,0.1808,383
PROC,280.875,1,94,47,2.0000,1.3613,1.3582,+47.25,+0.23,-0.3822,0.0682,567
PROC,281.125,1,120,61,1.9672,1.4825,1.3582,+44.84,+9.15,-0.3663,-0.0187,599
PROC,282.125,1,85,61,1.3934,1.4647,1.3582,+2.59,+7.84,-0.0256,-0.0201,526
PROC,282.375,1,113,81,1.3951,1.4508,1.3582,+2.71,+6.81,-0.0268,-0.0214,586
PROC,283.375,1,65,65,1.0000,1.3606,1.3582,-26.37,+0.18,0.3038,0.0436,489
PROC,283.625,1,90,86,1.0465,1.2978,1.3582,-22.95,-4.45,0.2592,0.0867,549
PROC,284.625,1,80,48,1.6667,1.3716,1.3582,+22.71,+0.98,-0.2040,0.0286,454
PROC,284.875,1,55,62,0.8871,1.2747,1.3582,-34.69,-6.15,0.4196,0.1068,513
PROC,285.125,1,58,54,1.0741,1.2345,1.3582,-20.92,-9.10,0.2336,0.1322,618
PROC,285.875,1,116,63,1.8413,1.3559,1.3582,+35.57,-0.17,-0.3020,0.0453,416
PROC,286.875,1,88,50,1.7600,1.4367,1.3582,+29.58,+5.78,-0.2577,-0.0153,471
PROC,287.125,1,112,88,1.2727,1.4039,1.3582,-6.29,+3.37,0.0650,0.0008,407
PROC,288.125,1,67,67,1.0000,1.3231,1.3582,-26.37,-2.58,0.3038,0.0614,522
PROC,288.375,1,81,79,1.0253,1.2636,1.3582,-24.51,-6.97,0.2793,0.1050,457
PROC,289.375,1,77,47,1.6383,1.3385,1.3582,+20.62,-1.45,-0.1870,0.0466,561
PROC,289.625,1,42,54,0.7778,1.2264,1.3582,-42.73,-9.71,0.5435,0.1460,498
PROC,289.875,1,46,48,0.9583,1.1728,1.3582,-29.44,-13.65,0.3452,0.1858,383
PROC,290.375,1,91,43,2.1163,1.3615,1.3582,+55.82,+0.24,-0.4364,0.0614,562
PROC,290.625,1,114,56,2.0357,1.4963,1.3582,+49.88,+10.17,-0.3993,-0.0307,584
PROC,291.625,1,88,57,1.5439,1.5058,1.3582,+13.67,+10.87,-0.1280,-0.0502,539
PROC,291.875,1,119,78,1.5256,1.5098,1.3582,+12.33,+11.16,-0.1161,-0.0634,593
PROC,292.875,1,77,70,1.1000,1.4278,1.3582,-19.01,+5.13,0.2101,-0.0087,503
PROC,293.125,1,100,93,1.0753,1.3573,1.3582,-20.83,-0.06,0.2325,0.0396,563
PROC,294.125,1,58,57,1.0175,1.2894,1.3582,-25.08,-5.07,0.2868,0.0890,474
PROC,294.375,1,81,77,1.0519,1.2419,1.3582,-22.55,-8.56,0.2541,0.1220,529
PROC,295.375,1,93,41,2.2683,1.4472,1.3582,+67.01,+6.55,-0.5019,-0.0028,445
PROC,295.625,1,46,56,0.8214,1.3220,1.3582,-39.52,-2.66,0.4925,0.0963,501
PROC,295.875,1,53,51,1.0392,1.2655,1.3582,-23.49,-6.83,0.2661,0.1303,617
PROC,296.625,1,117,61,1.9180,1.3960,1.3582,+41.22,+2.78,-0.3418,0.0359,421
PROC,297.625,1,92,48,1.9167,1.5001,1.3582,+41.12,+10.45,-0.3411,-0.0395,459
PROC,297.875,1,117,79,1.4810,1.4963,1.3582,+9.04,+10.17,-0.0865,-0.0489,408
PROC,298.875,1,84,61,1.3770,1.4724,1.3582,+1.39,+8.41,-0.0138,-0.0419,506
PROC,299.125,1,101,90,1.1222,1.4024,1.3582,-17.37,+3.25,0.1903,0.0045,438
PROC,300.125,1,65,66,0.9848,1.3189,1.3582,-27.49,-2.89,0.3187,0.0674,522
PROC,300.375,1,78,75,1.0400,1.2631,1.3582,-23.43,-7.00,0.2654,0.1070,458
